{"stats":{"minecraft:picked_up":{"minecraft:raw_iron":3,"minecraft:crafting_table":2,"minecraft:gravel":1,"minecraft:sand":15,"minecraft:oak_log":1,"minecraft:spruce_log":2,"minecraft:dirt":2,"minecraft:rotten_flesh":4,"minecraft:wheat_seeds":32,"minecraft:iron_ingot":1,"minecraft:acacia_sapling":1,"minecraft:coal":8,"minecraft:cobblestone":19,"minecraft:furnace":1},"minecraft:used":{"minecraft:stone_pickaxe":30,"minecraft:wooden_pickaxe":3,"minecraft:torch":1,"minecraft:dirt":2,"minecraft:sand":10,"minecraft:crafting_table":2,"minecraft:cooked_porkchop":3,"minecraft:furnace":1,"minecraft:porkchop":18},"minecraft:crafted":{"minecraft:oak_planks":4,"minecraft:cooked_porkchop":14,"minecraft:crafting_table":1,"minecraft:spruce_planks":8,"minecraft:stick":8,"minecraft:iron_pickaxe":1,"minecraft:iron_ingot":3,"minecraft:wooden_pickaxe":1,"minecraft:stone_pickaxe":1,"minecraft:furnace":1,"minecraft:torch":8,"minecraft:air":0},"minecraft:custom":{"minecraft:time_since_rest":25531,"minecraft:interact_with_furnace":15,"minecraft:sprint_one_cm":77111,"minecraft:damage_taken":460,"minecraft:walk_one_cm":63203,"minecraft:mob_kills":4,"minecraft:drop":2,"minecraft:damage_dealt":747,"minecraft:interact_with_crafting_table":7,"minecraft:swim_one_cm":35952,"minecraft:fly_one_cm":149658,"minecraft:crouch_one_cm":399,"minecraft:play_time":25531,"minecraft:walk_under_water_one_cm":4386,"minecraft:sneak_time":158,"minecraft:jump":671,"minecraft:leave_game":1,"minecraft:time_since_death":25531,"minecraft:walk_on_water_one_cm":4732,"minecraft:total_world_time":25531,"minecraft:fall_one_cm":24005},"minecraft:killed":{"minecraft:zombie":4},"minecraft:mined":{"minecraft:furnace":1,"minecraft:iron_ore":3,"minecraft:spruce_log":2,"minecraft:crafting_table":2,"minecraft:grass":212,"minecraft:coal_ore":8,"minecraft:grass_block":1,"minecraft:oak_log":1,"minecraft:dirt":1,"minecraft:gravel":1,"minecraft:sand":15,"minecraft:tall_grass":5,"minecraft:stone":19},"minecraft:dropped":{"minecraft:gravel":1,"minecraft:rotten_flesh":4}},"DataVersion":3465}