{"stats":{"minecraft:picked_up":{"minecraft:rotten_flesh":2,"minecraft:wheat_seeds":32,"minecraft:gravel":1,"minecraft:iron_ingot":1,"minecraft:sand":15,"minecraft:oak_log":1,"minecraft:spruce_log":2,"minecraft:dirt":2},"minecraft:used":{"minecraft:sand":10,"minecraft:dirt":2,"minecraft:porkchop":12},"minecraft:crafted":{"minecraft:oak_planks":4,"minecraft:crafting_table":1},"minecraft:custom":{"minecraft:time_since_rest":13531,"minecraft:crouch_one_cm":356,"minecraft:sprint_one_cm":49403,"minecraft:play_time":13531,"minecraft:damage_taken":265,"minecraft:walk_one_cm":38523,"minecraft:sneak_time":122,"minecraft:walk_under_water_one_cm":1968,"minecraft:mob_kills":2,"minecraft:drop":1,"minecraft:jump":350,"minecraft:damage_dealt":431,"minecraft:leave_game":1,"minecraft:walk_on_water_one_cm":1080,"minecraft:time_since_death":13531,"minecraft:total_world_time":13531,"minecraft:swim_one_cm":16751,"minecraft:fall_one_cm":15912,"minecraft:fly_one_cm":90163},"minecraft:killed":{"minecraft:zombie":2},"minecraft:mined":{"minecraft:grass":212,"minecraft:grass_block":1,"minecraft:oak_log":1,"minecraft:sand":15,"minecraft:gravel":1,"minecraft:dirt":1,"minecraft:tall_grass":5,"minecraft:spruce_log":2},"minecraft:dropped":{"minecraft:gravel":1}},"DataVersion":3465}