{"stats":{"minecraft:picked_up":{"minecraft:music_disc_5":1,"minecraft:crafting_table":2,"minecraft:andesite":1,"minecraft:big_dripleaf":2,"minecraft:acacia_log":7,"minecraft:gravel":1,"minecraft:sand":2,"minecraft:music_disc_11":1,"minecraft:rotten_flesh":4,"minecraft:wheat_seeds":1,"minecraft:mutton":2,"minecraft:acacia_sapling":1,"minecraft:white_wool":1,"minecraft:cobblestone":12},"minecraft:used":{"minecraft:big_dripleaf":5,"minecraft:wooden_axe":12,"minecraft:stone_pickaxe":9,"minecraft:wooden_pickaxe":4,"minecraft:music_disc_5":1,"minecraft:rotten_flesh":2,"minecraft:stone_axe":3,"minecraft:spyglass":19,"minecraft:crafting_table":2,"minecraft:music_disc_11":1,"minecraft:jukebox":1},"minecraft:crafted":{"minecraft:crafting_table":1,"minecraft:stick":12,"minecraft:wooden_pickaxe":1,"minecraft:stone_pickaxe":1,"minecraft:wooden_axe":1,"minecraft:stone_sword":1,"minecraft:acacia_planks":16,"minecraft:stone_axe":1},"minecraft:custom":{"minecraft:time_since_rest":19380,"minecraft:sprint_one_cm":37841,"minecraft:damage_taken":55,"minecraft:walk_one_cm":16495,"minecraft:mob_kills":4,"minecraft:damage_dealt":560,"minecraft:play_record":2,"minecraft:interact_with_crafting_table":6,"minecraft:swim_one_cm":5831,"minecraft:fly_one_cm":75778,"minecraft:crouch_one_cm":1,"minecraft:play_time":19380,"minecraft:sneak_time":55,"minecraft:walk_under_water_one_cm":3004,"minecraft:jump":280,"minecraft:walk_on_water_one_cm":1312,"minecraft:time_since_death":19380,"minecraft:total_world_time":19380,"minecraft:fall_one_cm":8791},"minecraft:killed":{"minecraft:sheep":2,"minecraft:zombie":2},"minecraft:mined":{"minecraft:andesite":1,"minecraft:crafting_table":2,"minecraft:grass":20,"minecraft:acacia_log":7,"minecraft:sand":3,"minecraft:tall_grass":6,"minecraft:stone":12}},"DataVersion":3465}