{"stats":{"minecraft:picked_up":{"minecraft:crafting_table":1,"minecraft:rotten_flesh":2,"minecraft:wheat_seeds":1,"minecraft:acacia_log":6,"minecraft:gravel":1,"minecraft:sand":2},"minecraft:used":{"minecraft:wooden_axe":9,"minecraft:crafting_table":1},"minecraft:crafted":{"minecraft:acacia_planks":12,"minecraft:crafting_table":1,"minecraft:stick":4,"minecraft:wooden_axe":1},"minecraft:custom":{"minecraft:time_since_rest":7380,"minecraft:crouch_one_cm":1,"minecraft:play_time":7380,"minecraft:sprint_one_cm":20621,"minecraft:damage_taken":30,"minecraft:walk_one_cm":7761,"minecraft:sneak_time":46,"minecraft:walk_under_water_one_cm":2884,"minecraft:mob_kills":1,"minecraft:jump":168,"minecraft:damage_dealt":200,"minecraft:time_since_death":7380,"minecraft:walk_on_water_one_cm":905,"minecraft:total_world_time":7380,"minecraft:swim_one_cm":338,"minecraft:interact_with_crafting_table":2,"minecraft:fall_one_cm":6432,"minecraft:fly_one_cm":39602},"minecraft:killed":{"minecraft:zombie":1},"minecraft:mined":{"minecraft:grass":20,"minecraft:acacia_log":7,"minecraft:sand":3,"minecraft:tall_grass":6,"minecraft:crafting_table":1}},"DataVersion":3465}